age,income,credit_score,gender,education
40.960569836134795,70990.33154879003,582.4821725025619,F,Bachelor
33.340828385945784,63869.505243691536,635.5481329284482,F,PhD
42.77226245720831,50894.45554880261,570.7580079000039,F,Master
53.2763582768963,40295.94833441639,619.203847036096,F,High School
32.19015950331997,60473.34970420385,460.63853330462143,M,PhD
32.19035651660983,55902.28078132625,671.3293707372939,M,Bachelor
53.9505537860887,63427.89830041598,650.1205475362224,M,Bachelor
44.20921674983491,59527.57702522954,568.2911368931809,F,Bachelor
29.366307368780575,65743.29072979002,715.9245668432405,M,Master
41.51072052303157,41971.47182659148,743.7570137626558,F,Bachelor
29.438987686250453,69760.91098451489,489.2440135631026,M,PhD
29.41124295715692,52963.994070386,573.7275221433786,F,PhD
37.90354725879241,81128.91308937898,573.0857650212702,M,Bachelor
18.0,39662.18272865648,556.0096898891136,M,PhD
18.0,76039.45704747875,732.9474841931749,F,Bachelor
28.252549649108328,52968.66175193972,630.6173861227196,M,Bachelor
22.846026555986914,40228.72994578328,623.5485158689389,F,High School
38.77096799114329,42741.71248918518,449.61376355932464,M,Master
24.103711093745467,45194.7903770852,713.5418030209227,M,Master
18.0523555839765,56362.48919602875,526.0741605146527,F,High School
52.587785227058646,57842.5323205325,655.9932630266328,F,High School
32.29068439416157,41394.49994092131,677.7376937958192,M,Master
35.81033845625509,49634.68111608526,786.0658595838651,M,Bachelor
18.0,82134.05537917795,519.1179600880888,M,Bachelor
28.467407305697808,75913.14755151067,348.0487844179175,M,Master
36.33107107651839,56544.85504511048,668.3849544753695,M,Bachelor
21.188077070932366,50570.05217252301,830.0511181510853,M,High School
39.508376220148065,51800.46990077392,773.8946352939437,F,Bachelor
27.79233572097434,59202.769590956246,670.9659415274626,F,Bachelor
31.49967500248068,34658.111522023915,600.8363814367953,F,PhD
27.779520653247236,46139.35193864982,730.7122596637311,M,PhD
57.227338214107256,24971.23889183615,552.6453800295532,M,PhD
34.83803330314479,55988.34683907919,697.635776935622,M,Bachelor
22.3074688525292,59707.939095541115,700.5470159166626,F,Master
44.870538945238266,42752.20306550939,756.020990749888,F,High School
20.349876200347733,73609.80144935049,850.0,M,Bachelor
37.50636314005706,31613.515054964886,689.2415967178767,M,Master
18.0,28034.3767968527,599.1036374292502,F,Bachelor
19.061767413218835,53366.77727839958,647.4425687808006,F,High School
37.36233483042948,65706.47453918232,473.0924095110882,F,Bachelor
43.86159895994493,75258.91537186803,580.5286868910941,M,High School
37.05641937427965,43116.7360569659,609.0717561886896,M,Bachelor
33.612220611341115,66180.21250146943,597.5911602065407,M,High School
31.386755652928535,49422.372957489395,665.2354872033721,F,Bachelor
18.0,47410.59050088771,567.7580067617799,F,High School
26.361869499263495,63254.89906230009,762.1030667324471,M,PhD
29.47233474848255,59784.84317620129,650.0207064918197,M,Bachelor
47.68546671462699,26354.11764523626,649.0699678861374,F,Bachelor
39.12341947482154,72148.10524588844,617.2105283487082,M,Master
18.0,70701.37031221177,665.5190683858979,F,Master
38.88900763273754,40616.559477357056,732.5098264667635,F,High School
30.3790126350042,55937.05300156114,563.28697842891,M,Bachelor
26.876935996328495,57410.45279424108,584.1883510924744,F,High School
42.34011546609042,53910.10648735861,619.6273971223335,M,PhD
47.371994269951415,41745.4226923187,515.4129076526785,F,Master
46.175361429394385,39925.64948092923,568.0742140278502,F,High School
24.929389721328338,49616.688935128324,602.3779126455341,M,High School
31.289451489785424,67590.93528889047,737.4389180712727,F,Master
38.97516117684277,58154.002318916486,676.2561329001925,M,Bachelor
46.70654152546831,44440.78501870841,669.3589911367544,M,High School
29.24990914585652,61575.48065972517,735.0897962167973,F,Master
32.772092280034194,20000.0,636.2628211600603,M,Bachelor
21.72398031192766,67231.48550558156,689.046484992889,M,PhD
20.64552051103195,23904.293318328506,639.6778247067504,M,Master
44.750309868730376,44563.38587895302,676.5362349399628,M,High School
51.274880342849876,33204.95158060784,591.7241342388418,M,PhD
34.13587854103599,30579.777864186417,406.1182841723571,M,Bachelor
47.04239477470429,67412.4018106778,636.5720837813695,F,Bachelor
39.33963230057161,42984.48198032163,792.274813609994,M,Master
27.258562944738507,55197.55822596074,742.6215402241592,F,Master
39.336747266100964,49296.19131681224,746.539748459117,F,Master
53.45643879759163,57155.612408346824,773.6130721806218,M,Bachelor
34.57008753068058,51152.32836590383,658.8657590961437,F,PhD
53.77572386976807,30755.116637171457,669.7315707405596,F,Bachelor
18.0,64944.002291707104,588.234810456565,M,High School
44.86283005250269,42593.65125258031,618.392714397295,M,Bachelor
36.044564818858056,26651.271520103735,711.5771149771142,M,High School
31.411911794409587,43578.27258551131,770.3884437168816,F,PhD
36.101129318426025,72511.39685951466,636.0553724319001,F,Master
18.0,62753.32613170239,604.9810735148588,M,Master
32.36393734594986,44770.21798388211,650.0527958856597,M,Bachelor
39.28535085814096,44761.13443522357,710.1206748929116,F,Master
52.734728536898196,45175.47423173926,505.61451838664584,F,PhD
28.78075738071623,81151.21975341262,420.3819046862762,F,Master
25.29807676528175,55729.0317834733,594.9463150508417,F,Bachelor
28.978915476985563,56450.624707866045,527.9287574085841,M,PhD
45.98482541242489,65454.25181047763,599.1859802352689,F,High School
38.94501331591621,53581.8373853977,635.2219681182529,F,Bachelor
28.642877554795533,46114.36781268945,604.6751590976986,F,High School
41.159209197360276,47054.75226372533,795.2467534470745,F,PhD
36.16493059217648,48925.98110878904,682.674476460232,M,Bachelor
46.623739886394674,49441.66645235238,680.0474359610828,M,Bachelor
26.57536287347177,60914.4431545547,712.2207144043402,F,PhD
31.068054240826783,50779.18828710949,536.1166882219231,F,Master
30.294702162414108,60989.60115823369,753.9111787420269,M,Bachelor
18.0,48789.251298371266,642.423571346454,M,Bachelor
38.55344332477491,51179.52785474136,717.0480617241212,F,High School
38.13266326615867,20026.989732018385,542.8142766959844,F,Master
35.06136147970953,63744.91512053722,494.6241233983936,M,High School
32.18495439949823,55197.32713846989,731.7889658025028,M,High School
18.01555109539503,64970.15164789478,687.6409526097517,M,Master
29.95225612681569,20000.0,559.7948445642489,M,Master
30.887425801678766,81325.62057171091,563.0336918725305,M,PhD
25.372672769340575,47906.15557767239,762.543478441477,M,Master
33.06457146000789,66622.74225106275,531.0588107132672,F,Bachelor
39.84861028177446,34401.411093117036,814.2672953255964,M,Master
57.63423081452636,59191.608575938546,559.9379265352131,M,PhD
37.09493375398207,34198.76655239516,713.8391925608383,M,PhD
38.09060468867317,40643.465589562926,617.1381524251016,M,PhD
34.106649010805995,78710.4703080018,710.3187431082343,F,Master
18.0,47139.7639885498,595.5885997885807,F,Master
34.6818334946094,53261.49309769584,633.7207093927706,M,High School
35.72276251929232,63051.01596033131,654.0919175395721,F,High School
64.55890534982343,57435.22831958907,549.7812544218527,F,Bachelor
32.69166842262653,52256.28357715364,724.0824345420126,F,High School
38.61856810800335,55474.41503699338,598.6786433528415,F,Bachelor
34.58345876353708,86051.23377857413,627.1400084659981,F,PhD
20.975863548565616,49135.71804449622,550.5650625391488,F,High School
48.71387377418024,53016.485700724515,393.76663412046895,M,Master
44.02319639224129,65759.81594011417,630.8972237399831,M,High School
44.49238336451656,66582.88899436976,850.0,M,Bachelor
24.087350542463135,67805.4545834057,728.4604287898023,M,High School
51.833531731233194,59580.95333043777,648.0739620265605,M,PhD
18.177787246492628,32854.92630904275,623.7109170791732,F,Master
42.04228512560324,74501.47298451644,652.2465892812046,M,Bachelor
61.285467509719744,32804.81910471968,704.711911517521,M,Master
23.11356409843174,54539.531978585495,531.9187184691156,F,Master
28.204427244766737,38685.86224970963,761.4321694668872,F,Bachelor
36.19581638105169,49037.92480110511,721.5381315441244,M,Master
28.958292150605608,54931.43615455221,721.8185725707934,F,Master
18.0,54820.35823175409,693.8475738809727,F,High School
35.82275569767233,56328.81131352927,651.961665769399,F,Master
22.25235543528674,74205.6690358797,717.2861235966819,F,Master
40.68310916762218,56803.014522709695,709.1814133741378,M,Master
23.96690918919436,46337.65047064027,614.5959289058976,F,Master
53.59921286021048,64461.30752432536,592.6398227103099,M,Bachelor
25.600960491965154,67842.05733386961,660.1856295261987,M,PhD
31.135261805531893,31585.88277294511,804.9020151495188,F,High School
44.76220660843604,58961.00104774787,526.0892924346099,F,Master
20.229628202792536,60517.591134663475,503.247473424756,F,Master
37.72951921524955,45536.54744960012,666.4760841236517,M,Bachelor
50.685713051389136,70635.6021996743,655.0887701856018,F,PhD
18.0,47749.166194512094,667.3341664370408,F,Master
37.21560630238765,51883.64680207314,674.3953197908501,F,Bachelor
38.11859353098108,47403.922635741954,627.6797745365195,F,High School
44.38187446132772,50233.685713722014,798.9863438602082,F,High School
20.156591469463017,33555.87369657197,489.90960215234844,M,Master
19.154520642988686,28399.236761085584,567.1502975219754,F,Master
41.263298787402775,73917.57594837458,639.6745239850952,F,PhD
38.56381607879823,37295.57977522508,485.68111888458327,F,PhD
38.00591420415052,35129.114758155396,632.4145595567929,M,Master
39.15737851396371,20000.0,816.1470165728018,F,Bachelor
26.83970334105811,40415.57378465746,652.0886488295962,M,PhD
37.78704436593204,30153.65309888752,673.0700905718684,M,Master
38.516869679584175,74630.22740204554,523.9835234827419,F,PhD
26.427782983683585,65147.25634013951,588.3638591960522,F,Master
57.38929413373708,39677.74482233414,612.4803619676063,F,High School
40.68599505094145,83786.53708016463,618.2284903243766,M,Master
20.704358033568216,64726.48230487391,778.1643795003769,M,High School
42.878643303605955,45127.529247370665,705.7691060725125,M,PhD
23.303819957272143,20000.0,538.8542043062968,M,Master
44.44501524490943,84364.13858886113,674.6504778432005,M,PhD
48.903146948088846,29156.41299854606,699.8221748496785,M,High School
25.151812179779476,25319.01879564662,764.0149038521266,F,Master
46.56051355093186,65338.5564801446,808.0540686568373,F,PhD
39.95337112323798,86596.28609508909,548.4905808172132,M,High School
44.86472191993388,70764.09227765778,568.9142488789662,F,PhD
57.761515791847366,58458.636800785396,524.2422141085384,F,Bachelor
32.05534260796556,58921.315124979286,626.5980140893018,M,High School
25.955166027710124,62801.23338170462,696.6358374446335,M,High School
24.32582684449372,61383.92884680148,748.7334516589102,F,High School
25.210276580414742,54217.87135954064,642.4048976357477,M,Master
34.07477948703075,51563.01655927814,618.0152476745156,M,Master
39.09382369779972,49061.103081507164,665.175799224874,F,Master
38.320289591960226,38690.531166999855,566.4857098369977,M,Bachelor
44.92619898843228,45789.87384699839,850.0,F,Bachelor
35.156022702534884,24605.647787069218,489.23389728819416,F,High School
52.442408925887804,48524.90559807875,668.4740578895725,F,Bachelor
31.824118001144527,35171.133392736236,850.0,F,PhD
67.64202999907542,33446.160241763435,650.6799844559998,F,High School
42.50800817318007,52698.41226730218,630.9960964998505,M,High School
24.71410932300461,70880.034295169,614.2554577189572,M,PhD
22.14929002326665,63774.7490900347,631.9608318237592,M,High School
40.78966898291822,26442.49094565234,787.284847467653,M,Bachelor
32.31844657608979,35155.57795144494,428.8138088670493,F,Master
43.568005929105105,64111.56781982324,803.3433701296326,F,PhD
40.67885149488254,35262.68909692536,507.6042847549855,M,Bachelor
34.12605304811753,46630.50275004463,623.3347670765585,F,PhD
24.83847538317914,58250.78148536828,607.0755579701338,M,PhD
18.0,35474.83317704547,708.855326977072,M,High School
29.641820575195748,51580.6325921894,490.18756481162524,M,High School
45.27678553188167,29989.617576226934,696.2172666081943,F,Bachelor
37.56912492956245,40979.48534073179,850.0,F,PhD
20.051134655456146,54796.72901213806,513.6825995407189,F,High School
37.078171110214186,26105.09399702496,668.9706167610395,F,High School
39.62380855674604,56607.121069405985,583.8017822203391,M,PhD
24.393710765586405,49705.433016099785,692.5887206193036,F,Bachelor
36.84470127134634,58287.34931625722,651.9147777415752,F,Bachelor
35.698504621352,53358.712010969924,585.851309095569,F,PhD
21.284356426032524,70462.10644960766,698.7872284871074,M,Bachelor
39.2934483241794,51878.36753971861,830.4348109786744,M,High School
41.72941431641881,43558.91688312121,630.9096208272701,F,PhD
47.996614918103326,51834.46254548426,721.9757942148182,F,High School
47.645624624418836,58149.47043554582,520.6727042128837,F,Master
18.46796758451491,50732.901054885566,554.3563623181991,F,Master
23.746099521018525,50608.87536805824,697.2406277880377,M,Bachelor
41.18042320650392,39470.12468289867,798.4116028535965,F,Master
41.1654314109465,40056.48623673577,685.561334878566,F,High School
41.18057223567257,28960.920923004596,618.6941969476845,F,Master
80.0,76243.65114780409,649.9291405423354,M,High School
41.850686128318,31342.051469130725,524.9592266030282,M,Bachelor
48.62678768216719,39606.42203306139,710.4515326355366,F,Bachelor
46.448021161918426,39223.89101646204,738.233306232341,F,High School
42.81669501566957,63423.86565416662,604.790966716692,F,Master
31.216769064315855,45575.75482561958,602.9957852240499,F,Bachelor
44.10763064591921,68716.131090106,676.5878229652049,F,PhD
25.72609742554914,39897.640636341974,606.3280263959405,M,Bachelor
32.15817671911989,54184.91243335703,643.3867385374177,M,Master
29.17563742605076,37469.79420110364,850.0,M,PhD
35.98248967263587,82177.23691660083,625.2974299254004,F,Master
62.77590280008211,32186.02371455731,614.1659847978777,M,High School
18.0,54647.31065340541,585.2458194364841,M,PhD
43.23512228449416,59506.65321398148,724.4191971499937,M,Master
18.0,56206.986461772474,631.8775826781897,F,PhD
29.336817610526797,47220.68511683438,585.0626961678574,F,Master
48.067407163608394,48052.689503998605,782.1304032273013,M,PhD
35.77136022914555,50657.17207968664,791.9603004513638,F,Master
22.067062664848326,47794.96997557267,589.9576434261295,M,High School
26.41635548888038,64458.18675192365,463.3460048639384,M,PhD
43.15517298721611,83157.84502387026,750.7513689836923,M,PhD
26.23560041939436,41637.623224882496,581.5370174239996,M,PhD
37.5975030749837,29452.95530631383,729.0625599162769,F,PhD
35.54686207884576,48675.76927473118,452.9896182288164,F,High School
27.180795828730197,88695.64006481477,739.259733829931,F,PhD
60.72732907190391,37944.88148045404,528.8828070719219,F,Bachelor
42.60702826781613,74586.752081661,723.0764119066524,M,High School
18.0,75165.5122111466,651.4273067836434,F,Bachelor
37.23745177723313,41696.176374380084,554.6060580603355,M,PhD
27.058562422779346,58534.74618777913,609.2963687073219,F,Master
45.22920001755469,74425.94934692807,718.6318456956701,F,Bachelor
25.48975113880759,44313.08388518769,660.5894453115234,F,PhD
33.62316270239721,46946.29459846457,708.4412980472484,M,Bachelor
41.05984734776548,41274.786290770346,847.6440584515485,M,PhD
45.389062330041455,34778.649039607,493.57583882889486,M,PhD
20.596443115330686,40260.83682400989,811.7212574968623,M,PhD
30.98598516990862,31640.895998566153,660.4355937523213,F,Master
29.300656266068525,50511.25202388839,560.1215951676871,M,Bachelor
27.160049209115456,38450.40153412038,516.968637426101,M,High School
56.185450883373164,53506.788676861215,631.0879609222967,F,High School
39.85978053153146,26661.56530694559,742.165011192446,F,High School
19.86939254797946,54963.20348321686,637.2450879622465,M,High School
46.014343364657314,62502.93442413387,801.1154930247347,F,PhD
60.4658743641516,20093.96536142817,504.8824309948441,M,Bachelor
47.389583126613765,55610.848547713584,648.7911052153945,F,Bachelor
18.0,68415.03488709938,524.7606555586881,M,Master
29.189191125604985,31855.38471963192,686.3631882624968,M,Bachelor
50.20293379023947,75088.58580256555,738.68873900973,M,Bachelor
26.507966412574632,56285.285140490676,607.9238206318947,M,Bachelor
40.32583313775474,39424.82216362387,389.5786143372866,M,Master
44.29560864115204,49163.46383513441,669.8948146796495,F,High School
23.876834341063006,58374.903687825834,693.673855173351,M,Bachelor
34.2856957272584,51140.080871186176,690.4294754961697,M,Master
18.0,58081.33988669554,773.5782191822154,M,Master
22.70734830398852,36189.89610380951,542.8946320350951,M,PhD
31.969182183282076,52540.41236054117,718.021610545045,M,Master
20.026601816421806,28794.282546425296,769.2507512477974,F,High School
54.588935647179625,48331.60907976949,472.1412415993483,F,Bachelor
18.0,36441.38537802816,681.9651825918977,M,Master
29.719466159636195,38967.050861153504,599.5820168992328,F,High School
36.5688869274331,68541.39762815656,641.8477326898354,M,Master
52.29527946879339,66369.65180891403,684.7676483538337,F,Master
18.0,59137.071813607654,601.2771435886448,F,Master
48.957965025859515,33615.308529911315,582.4291920838389,M,Master
35.122796732235045,45253.87325457797,653.4152417488025,F,Master
23.22189618742459,68196.46549968775,541.2754061137198,F,High School
40.54524169115925,52125.753704598574,541.4174871114815,M,Bachelor
37.38871634688164,84789.94309972541,717.9373282956503,M,Bachelor
27.797397474094463,55899.76759091558,535.1205964841344,F,Bachelor
35.83762501988023,52880.73674735047,716.6312500909212,F,Bachelor
30.37623683765888,45363.25303696248,696.2591292853951,F,High School
36.362208143014975,52003.113571734226,477.41932712094035,M,PhD
42.94556809425256,47712.952454291844,582.2435347664344,F,PhD
54.03220179374422,60621.630150328856,769.4109403047372,F,High School
20.146214014077813,64350.53475191876,551.8834468860318,F,High School
60.5964004958752,38210.158092380756,603.5595737690612,M,Master
18.0,30031.50569663333,696.2060893251896,M,Master
33.178578859573,22456.919403450553,728.3390509282596,M,Master
42.05980647781492,57619.86990368815,624.8461113955505,M,Bachelor
38.37190241282039,33449.5009073919,590.2489805308359,F,Master
27.527605762152874,20000.0,792.2369861698508,M,PhD
32.5025329957127,55828.67906796446,823.8899663797579,F,Bachelor
29.083988784094004,87394.99276149186,747.8858050781796,F,Master
27.92762291666946,49908.9363269016,658.5318142565025,F,Bachelor
45.1952251642523,62577.36161677463,569.1734278359073,F,PhD
39.284185831580565,51227.440378213476,566.9555593443434,M,Master
26.685084856872148,48516.65520213286,702.2514105265758,M,PhD
45.79519850519901,63786.14724481653,691.8398220888683,M,PhD
38.68759425051931,45645.88183717023,790.159859294643,M,PhD
44.75434542606752,54010.88471107854,715.0450092536139,M,Master
42.555546103083344,54825.467092940205,499.6919698240182,F,High School
25.05205986893513,39978.64319535427,755.1947617722918,M,Master
28.277827517636364,64880.635243047844,550.1939372685587,M,PhD
43.967523261479144,47375.60364956887,611.6028728047648,M,Master
42.32444318520158,38663.822607607326,675.0200206251694,M,PhD
34.74918087243022,58047.64765355605,849.5667489783964,F,High School
36.407928599705386,36522.98027313444,850.0,F,Bachelor
50.3319787494611,50422.717360536924,710.6723059136183,F,High School
27.90114333397004,49863.21505033695,631.6803381279612,F,High School
41.565168574040456,66288.43348747367,703.450564848055,F,Bachelor
32.573688170793275,57120.47349319929,738.7655425873836,M,Master
32.38782556127335,49624.595618822845,617.9332374442808,F,Bachelor
48.185322223846285,62266.494488004304,829.5211355912322,F,Master
44.904996187856355,70853.1132352597,673.0070759191402,F,Master
44.762115632007664,58367.154595277934,699.7743089091394,M,PhD
50.665745685851945,50155.28929765071,716.5924252054461,M,PhD
35.25204609959311,30322.456514747606,692.1586610614455,F,Bachelor
43.18343565553957,34023.29505386941,733.8940500469613,M,High School
31.276798920878527,45421.629434679984,588.2746813453076,M,Bachelor
38.8899962298613,40857.31696761075,594.1698246053969,F,Master
33.438283347587785,47195.43045521831,539.9845767028305,M,PhD
36.16395157991262,50849.74887345661,693.9501230620226,M,Bachelor
42.14188430524296,57945.391315350964,727.8936503512114,M,Bachelor
25.18135180119833,48942.518329113635,695.7772866151886,F,PhD
60.10864730822552,57297.52465739303,817.4492433347538,F,PhD
22.927791422003576,50967.1162221518,649.4403981170954,F,PhD
20.429736646547212,20368.00150469193,716.8741655592513,M,Master
48.89733048200081,35909.96909271868,540.8299123860686,F,PhD
44.49995232755523,47838.686664175766,611.2900297525599,M,High School
42.489437804625865,31854.578857383385,719.5537757565778,M,Bachelor
42.54014611117136,58998.93094994307,734.9102110743144,M,PhD
34.853038725837024,72961.26248515546,620.6033052335818,F,PhD
24.23294754217002,68281.42777545976,642.8400748141934,F,Master
35.909654698324715,46798.35693604688,498.21262533191907,F,Master
26.87405946185466,72360.89205274927,614.297079919339,F,Bachelor
46.70143680101302,52230.01185803168,739.0383163519787,M,High School
33.23531142197434,44943.710433229404,707.5205016106567,F,Bachelor
25.09403363848986,40798.960046885906,700.0665721381209,M,PhD
31.14336990016408,45462.95470267808,654.977368718096,F,High School
39.95517745130749,44177.34772188157,650.7063158628176,F,High School
28.2353053663523,52556.243335632316,583.9678860526553,F,High School
25.133355253202822,52408.60971574797,719.8828420202535,M,High School
37.924246537902945,50045.69030230122,692.097294438939,M,Bachelor
37.93959885330467,56554.072546195246,699.2018847992799,M,Master
28.916681895546443,67859.69412179512,597.3965157332419,M,Master
29.347540332580127,64243.312031619855,434.66570801287554,M,PhD
37.784599248291634,27726.53047325145,759.7152711753696,F,Master
18.0,20000.0,602.1162543991596,M,Master
18.11043470748134,64014.79866858911,563.7224235956879,M,Master
26.378669344970767,29496.819523768685,719.3478911913994,M,Master
32.438634179457836,46628.518971609745,610.7987360080871,M,PhD
38.73089078717606,32448.304609109608,755.9936384046622,F,Bachelor
52.70427460339462,22970.293436299704,711.7005949576698,M,High School
45.29191547842423,58121.94092307182,718.3569323200478,F,Master
33.080737640438876,61387.327404539705,513.4044288799465,F,Bachelor
34.771805505167734,41352.34398909921,771.19439853864,F,Master
22.969647624346294,20000.0,676.1250531233856,M,Master
34.77784236809132,41806.33327621276,613.0722860753797,F,High School
31.536096332958344,55877.060081038195,664.3388467342251,M,High School
38.872622724057074,27816.326468388073,472.376476710168,M,High School
25.073228677372125,52750.39879668733,690.8652811480671,M,Master
41.23215817089407,49770.35226240507,547.0628491817929,M,Master
53.39286695603093,58689.37249401632,514.7329714156466,M,Master
33.69487821851771,51793.705526212296,497.7640813782109,F,High School
39.820540665187295,35403.96588677667,761.2688374989925,F,PhD
43.28172790053335,67948.57252496737,587.0736606307212,M,Bachelor
30.185354337369965,47622.05640459545,803.3727709916499,F,PhD
37.689109781725,49590.43190735102,596.4198536947703,M,Master
35.15110880938154,36000.98061390206,479.26420424070534,F,Master
36.17211318258598,43350.766232127346,538.347556005134,F,PhD
25.723882593734402,36727.95928959649,773.5811620006939,F,Master
35.29412209110731,47405.809101148654,634.4101822063333,F,Bachelor
40.97597949494539,75675.62720213516,595.17127035094,F,Master
52.4137232935405,29421.482856029656,666.0018225852788,M,Bachelor
46.51124991302248,25796.579031848883,700.1782736167545,M,PhD
60.838189490138674,72067.55491240413,761.7398815902461,F,PhD
25.791829245343408,46860.14484272201,794.8499229892926,M,Master
45.46784764064814,39963.908920101254,614.0231354210914,F,Bachelor
37.20010406886022,65598.57031094114,517.3952313917962,M,Master
61.27763519861207,40915.76690394704,608.6534838876725,F,High School
25.300420575738183,77390.14570320405,676.0280506582886,F,High School
24.923337893830688,60168.88807008904,553.6241073789389,F,High School
27.807288254671732,42681.32887781446,554.2849085104957,M,High School
18.0,82359.62319898255,684.3787881549886,M,Master
28.690939739830867,40914.27615494993,645.1347648429548,F,High School
25.890408061355625,61131.430580139604,653.2796995411586,F,Bachelor
36.80472543771449,54489.38870609738,574.1504665299931,M,PhD
39.101071709325915,69526.11934098197,626.9599285794233,M,PhD
57.514050070590635,73422.66795090279,557.5766855731696,M,High School
46.405086058232605,50480.0622359865,739.0198411124787,M,High School
28.07715613205116,38698.731944807245,753.5249334723752,M,High School
24.219023943819703,56899.582144086744,465.38121377619063,F,Master
40.903030058078066,39834.26945371841,557.048913980759,M,PhD
19.157201515752295,80200.80871289935,500.3470744909921,F,High School
56.977505190252245,52048.02996624106,584.9976065593102,F,Bachelor
49.15328144865544,44520.176730318366,641.6562030209639,M,High School
29.36989217474354,52770.204587973625,505.035478030147,M,PhD
18.0,29793.10565705455,557.8140186874687,F,High School
51.24646848998496,35425.789422340225,549.6042627918501,M,PhD
33.62552185696858,68006.20861916638,670.7267329398944,F,High School
49.853795743681545,40146.58581542906,656.934433703625,M,Bachelor
18.0,34296.33525977091,577.8262446662746,M,High School
27.807499724554724,58049.79128790929,667.6820872139398,M,Bachelor
35.0629243966182,67785.56231994495,595.3319915412735,F,Bachelor
35.5637671251769,60784.299659976,622.8344889673947,M,High School
29.599214342249077,64940.715287087245,817.3452090298537,F,Bachelor
42.47419918816998,38648.073671458085,784.0461051790348,M,Master
22.188554847408867,28672.839998872343,520.0418763072403,F,High School
33.291446179744476,72520.0047793323,732.9732417879175,M,High School
36.443547580542784,45159.802417367966,731.1396554491592,F,Bachelor
41.173266008704985,46237.50475317429,535.1736711247381,F,Bachelor
43.539378537066675,69922.91212773586,731.8777643754861,F,High School
21.50429489794557,58343.4501410099,803.7931918412553,F,Master
18.0,56838.31658122411,537.7455193755586,F,Bachelor
50.33212186278211,82475.03517351625,558.2497178985736,F,Bachelor
38.9877681437551,40347.22654429785,751.7661466843502,M,PhD
26.018161561321357,63917.60192121856,677.1495310825647,F,Master
53.613823706270274,50855.19687345627,705.1476275239523,F,Master
36.3880956115143,54028.88418294886,684.0589216400497,F,High School
49.151566208765914,72927.02639618797,689.0695920928144,M,Master
35.81022177692131,57617.53634434436,517.3527871688917,M,High School
59.728975098583845,58074.441185744494,754.7317706621449,M,PhD
56.06409010931846,66087.61005964704,766.9589992427774,F,Master
32.01243021825112,44525.70905685672,627.0609255931972,M,Bachelor
46.65885141145227,37411.85498991491,645.6523050186138,M,PhD
42.74451139502177,34327.862089684495,496.88924974442773,F,High School
51.42357869038818,20504.65115935997,701.4254756017835,F,PhD
23.420918473038746,80843.10694910483,707.2057441714144,M,High School
43.232617519981275,33451.87451417475,643.7808983000689,F,PhD
47.70109384219505,46681.19564621342,762.4353359870503,F,High School
18.0,45847.80050166619,616.5922769020059,F,Master
20.8008978480107,54611.10046713651,706.46059258936,F,Bachelor
18.0,62236.058188089446,548.0335661307885,M,High School
31.76711798666531,62907.10232539618,647.6447849125761,F,PhD
43.610507069551545,41253.83842146592,632.5645742097164,M,High School
53.02828462515234,47493.174293203825,672.5307922040942,M,High School
35.8891373650373,54238.69925732449,613.0473071166641,M,High School
54.5433865468555,46269.633107246795,636.8527404328332,M,PhD
18.438782501421304,74110.18364029989,732.6047171441506,F,Bachelor
18.0,57364.62427457377,606.3235762761783,F,Master
34.33342761324057,61023.16679074726,489.3422899261321,F,Bachelor
39.60878538727169,59943.21903001119,824.9583904205421,M,High School
34.60766302287088,67602.10786227988,788.1454078690487,M,PhD
18.0,52715.3233805556,520.7737304894381,M,Bachelor
33.93055952584654,30547.5207806623,718.9707805245195,F,High School
19.34636599394176,55995.31927628962,599.7025229448657,M,Master
43.03607058596046,40229.64659312256,676.348721533106,F,Master
39.39917895316218,42070.74977375365,679.4224129013494,F,Master
23.721442564071737,58795.4602813264,626.5592199683678,F,High School
28.833596991959677,68574.24607150453,571.6234334413604,F,PhD
22.28943773733258,50319.073651040926,580.945894768374,M,Bachelor
34.24785083272194,54632.49518898446,558.3808084518757,F,Master
46.46170784601486,75533.22416952856,566.8177791769556,M,High School
23.171287443973476,53611.297692328524,643.2821709950645,F,High School
41.04855818621413,89025.24671270592,578.4240010889248,M,Bachelor
28.63690857953071,58482.64468447316,718.205206571262,M,Master
25.48552601285187,23588.558612662735,798.7246155335928,F,High School
33.715635680545304,61300.124316567984,591.9946758629957,F,Bachelor
22.57709213096751,55717.37577324166,673.9404500535377,F,PhD
28.356208335833816,69346.29131124119,699.9685110302934,M,PhD
20.625465288933817,60097.72026904938,697.2002270919274,F,PhD
58.57670159499667,47923.16024024339,657.5955267916088,F,Master
35.423162623660744,31635.526455659514,724.2682418359722,M,Bachelor
26.603293904088975,46864.65114070962,698.2248952680657,F,Bachelor
37.56775892881066,37242.1931868605,526.2337577672702,M,High School
33.652063403710045,41292.14825292916,736.9156064389273,F,High School
32.34836480560133,58828.67606630914,738.7290837266742,M,High School
42.3700004005211,75048.56756527109,573.6713895821418,M,Bachelor
44.09009252056766,55920.07294734471,653.7937835447602,F,High School
28.63398622867367,32061.754069472234,718.332899281107,M,Bachelor
28.09018111226384,56669.040023302114,629.0686180420638,F,Bachelor
31.69937963418027,67949.47229968477,757.2978047766012,F,PhD
18.0,40853.25643520927,850.0,M,High School
18.0,47989.742499906235,571.4013967365017,F,PhD
51.40249120933429,50220.32292093796,511.8955396846225,M,Master
54.7396125620154,38226.5253037664,680.3818595604876,M,Master
32.01156752532346,59724.20650765789,722.1562505126144,M,Master
41.918683556669194,48185.77777088328,626.913362615523,M,Bachelor
38.73500185452243,56292.98665860542,795.3260663321034,M,Bachelor
71.94656970146285,36687.6173329685,516.1394200276751,M,Bachelor
48.434898937214925,43438.125495148844,719.2918623031611,M,High School
33.4649889022308,60835.72036741657,589.4139179241107,M,PhD
23.53351471279489,44407.502718623495,821.9377906207296,F,Bachelor
18.0,75904.45776850107,849.2515353168118,F,PhD
37.44156363040668,44005.45721578097,573.3343412216652,M,PhD
25.92379105658836,53370.27088627829,595.0442864091419,F,PhD
18.0,63988.86247809635,735.9587886979801,F,High School
27.24112538908968,28724.514006004523,611.2869350210485,F,High School
22.02142395662726,23587.86782028836,645.4588782067761,F,Master
55.24569962087078,27115.15528144858,652.5388420542411,F,Master
45.579677083393406,68938.76155140773,458.03268438023434,F,PhD
34.90432830420059,41722.127811613296,648.6162253905762,M,Master
52.759329666680316,88372.98928502378,581.0272225935826,F,PhD
35.92841969177142,41536.286020139174,600.6877177600228,F,High School
24.664589584060835,52768.269547955555,794.3632003468814,F,High School
53.277488927235886,73131.64928851814,524.3493105720744,F,High School
41.4669205242159,80091.39332238684,731.3205186747978,M,Bachelor
22.553046148082522,80922.55364954597,622.1037069668191,M,PhD
32.7159358629967,68125.49345889714,622.0239831504166,M,High School
24.492580959382913,65360.93788717194,729.0371896051711,M,PhD
18.406403228427966,58887.90423801775,684.005129456889,F,Master
46.1141305703797,61675.41614249957,707.0612997219531,M,Master
57.912999685641566,41732.214255072,746.8184660532861,M,High School
18.217189114170306,37727.016748665395,616.8691616816677,M,PhD
41.75563084028685,49949.38313883572,588.776326549225,M,High School
27.192289170538075,47447.23066212607,541.4849473442202,F,Master
29.154495394823645,43201.579260090875,567.4589470021045,M,High School
27.89127290913357,60445.81171185073,850.0,F,PhD
24.632110763842206,64329.57812855766,774.4679580736787,M,Master
35.582259535337926,51326.10329437771,514.8925633791979,F,Bachelor
25.028598603067547,72162.95121582893,517.754204325643,F,Master
38.24548190935806,32874.66328799743,698.1866061718491,M,Bachelor
34.39714268661036,47095.10811080423,704.7264797377967,M,High School
32.13262343760308,39247.66519095792,704.8883835317364,M,High School
24.109236055500826,22001.9507439041,624.5044206446302,M,PhD
28.07874403318001,48759.78971235951,637.45457399971,F,Bachelor
44.06469470990907,48173.78737425074,682.7879524159357,F,High School
41.01100625149257,72701.74614863197,658.589300629333,M,Bachelor
23.26933706241739,59462.17526832166,428.0699627252465,M,High School
36.19198766515071,34637.19763506192,627.0200369424806,F,Master
44.01664548046147,77811.38849501283,564.8593565739686,M,High School
18.0,68315.5054328803,667.5211418908513,F,PhD
41.52032230855922,58731.465552029236,850.0,M,Master
27.04851489264984,46602.738517252525,686.7481665474304,F,PhD
41.84718402311791,35608.41144914781,618.6470313827602,F,Master
25.8408901214898,44416.89835893421,742.1801501977252,F,Bachelor
18.0,66331.22929556279,698.2687887209213,F,PhD
18.0,78268.79458901913,692.0094490451842,F,High School
35.577019359936585,73148.65292408284,710.6850593215671,M,Bachelor
38.116670020657786,42667.25867320589,850.0,F,High School
24.148200498747098,33205.73850066483,536.9111564674084,M,Master
42.663109505328485,52113.29370366806,697.3632076811455,F,Master
18.0,23473.409516557225,557.3618870018462,F,High School
34.2070424162322,54847.515712771725,705.5512646342248,M,High School
20.46780560285052,47785.96120551997,558.1313488513906,M,Bachelor
27.17796670637409,43009.452471976365,608.2633186394916,M,High School
35.56878405579697,26079.453990998067,620.4910085762094,M,PhD
24.67503961659257,57704.00159854575,747.5816719344709,F,PhD
30.385333469242095,42009.487405071326,741.8454443942413,M,High School
47.07551371057329,32451.24746434568,525.4282623553615,F,PhD
28.077297565722215,20000.0,655.4934110999849,M,High School
45.0283053447817,49587.27642424046,579.0420145250828,M,Bachelor
21.443517744108583,76583.77395004616,524.1495089324666,F,PhD
41.357650134983395,74918.88821821805,628.2982949575629,F,PhD
52.298823447894804,43143.55615120592,619.151721154418,M,High School
18.0,40966.81909457329,850.0,F,PhD
25.437256934354277,57031.613841125356,693.2959825360696,F,Master
41.92486552616648,35024.21841217563,512.2382499245763,F,Bachelor
32.56345536748409,54526.87849729199,593.5225995829057,F,Bachelor
39.4537504804557,61491.204175770356,752.1383295429398,F,PhD
27.752177759410152,68403.99835826461,850.0,F,PhD
36.0390774496748,48497.68885280071,491.4016687762042,F,Master
33.13187317529505,46944.893747345515,462.0075614860955,F,Master
49.01338473991769,36830.261198651584,837.0965175371782,M,PhD
38.05305011961456,37596.7946894021,688.9614177370904,F,PhD
39.051231944902426,46602.8166214771,563.1707268123633,M,Master
30.05747640653039,55510.48260224267,703.4629086122435,F,High School
29.14872531113008,63703.76939349874,386.42522609831224,F,Master
29.80930174616455,37952.31573979483,650.337550659716,F,High School
39.73342570853956,72390.32853439283,682.7821172843085,F,Bachelor
29.948186230156843,45933.145984361465,742.427013953783,M,Bachelor
38.477298282756955,49679.490584773455,548.6104047707462,M,Master
59.90480958374526,38791.82481278265,658.5687161403359,F,High School
45.453496441180306,20000.0,557.4575373940413,M,Master
31.087717613985905,63260.68094541575,675.5383755674317,F,Master
49.41456706596734,61052.6584563865,560.4653677636976,F,High School
30.103095523741384,45780.0866432268,609.1899160839779,M,Master
18.0,51004.86075837308,550.4184605209771,M,Bachelor
22.902964268991152,57739.08826556149,715.1136241823657,F,PhD
18.0,26561.81214670186,735.8451116656665,F,PhD
30.781838191504296,42064.209839805575,626.5379430042586,M,Master
35.22102055027462,61913.970194327405,653.8237994960028,F,High School
55.117247747303395,31185.658652461258,505.14085853664557,M,High School
38.923128485169954,54403.368982499436,620.0323351993213,F,Bachelor
32.37079365429363,29651.272930648924,644.9795382958255,F,High School
44.95286697420187,56996.449736502895,850.0,M,High School
18.0,49465.37776553775,538.8032974225837,M,Bachelor
37.827374697302794,25773.022761417356,796.4177238752437,M,Master
44.2503823266436,67471.09031685758,749.6858773465808,F,PhD
18.0,38981.12634802926,678.0636404490136,F,Bachelor
48.72504851848315,37846.21344478429,825.8620484195134,F,Master
39.06195688993297,53008.53795846414,687.2105472606863,F,Bachelor
30.016545033190386,67229.56024143072,688.9159195667929,M,Master
42.59338239327542,34762.67271532404,644.6879346982455,F,Bachelor
62.248314293652754,50925.197747719576,772.3568882418627,F,Master
37.18239506070194,56432.24750495859,759.6469233810884,F,Bachelor
37.978647035604034,60396.58410894716,587.4322712503788,M,Master
29.487669205517072,52646.62332915838,518.0752805401232,F,Bachelor
24.801867566422498,44494.58241375016,629.7019362604343,F,PhD
44.964029798530945,37586.146690269205,569.9961435602354,M,PhD
24.726994089093594,51292.158245695624,643.6475425384644,F,High School
35.85879484663271,33917.9148202159,773.7438134684139,F,Master
29.268110638818598,20000.0,604.269834491321,M,Bachelor
40.74775790895671,56548.39706236502,645.7176618688425,F,Master
39.003945263443384,63559.02261629293,655.8022734808395,F,PhD
47.45047933109479,20000.0,734.8430882205284,F,Master
28.879803213743035,34854.03942935094,425.3110666015395,M,Bachelor
31.761500776479544,59287.31391507797,589.3299705234704,F,Master
23.254835410612312,80862.43204567548,671.1283692279472,F,Bachelor
29.668480879086665,50311.905615131116,770.0078956426861,M,PhD
39.52760591653822,39079.955881562986,600.8097552493795,M,PhD
44.083863399744224,47256.553383427396,462.3447293958126,F,PhD
23.934016109868494,70623.14628722277,711.9711445966136,F,High School
45.435271041267924,40310.53731313197,586.4637611174371,F,PhD
51.26765430565941,38012.119900246194,531.0333340909639,F,Master
39.96121883868441,42758.847167269516,587.5654610286776,M,High School
57.52154975069679,35700.07087611932,631.5474642344151,F,PhD
25.714529610757126,51840.054739921936,589.5255335461787,M,Master
20.064143560262995,74370.17687704341,429.44339429009307,M,Master
18.0,54846.18909674044,739.7066196887132,F,Master
52.952531737870196,46214.69746810569,777.4875041278722,F,Bachelor
42.85238787624869,45622.83096626684,715.1521991339506,M,High School
34.33298394907454,26552.137869550144,536.2314329575183,M,Master
38.359623515837846,63246.646657207384,629.8508466052482,F,Bachelor
21.494131432419483,48832.44204480797,649.3478684770542,M,PhD
64.34902375540192,47292.80129614061,709.879438956191,F,Master
36.55065418370273,97896.61351767291,716.8340488718081,F,Bachelor
36.31273753525871,54481.29362548529,576.5826201221504,M,Master
43.70919948678431,38723.134248572234,658.199555641356,M,High School
40.772110780840556,43604.636056916854,695.7280404615241,F,High School
37.68660829134958,67226.68563795132,795.5822322146767,M,PhD
25.514306534656257,51699.056158066465,720.4506539824723,F,Master
40.65762028563195,28425.830325239498,728.9056687375519,F,Bachelor
57.5842939577004,63788.43401862805,658.3826627929361,F,PhD
51.14504055385973,39977.83871691509,791.0459145203504,M,Master
54.11823951967277,78099.46664326318,690.9762795959498,F,PhD
28.865411882825775,66200.72098571973,563.891208982643,F,Bachelor
23.124742156897028,43290.17156511873,790.3369970125191,F,PhD
33.49055695880422,69215.2454260267,719.7903272539028,F,PhD
35.668698947464335,51017.83265791105,605.6955978871517,F,PhD
48.13029822165138,62791.605126833296,602.0507032600757,F,Master
18.0,57270.99225941712,679.6575545140762,F,Bachelor
53.354603833527364,37304.6501751369,696.3184795267584,F,High School
33.10390521705213,40346.75251523807,669.7292265631206,F,Master
29.87742716063096,65449.412263717415,681.1308673442885,F,High School
22.854747496877987,44978.37001840189,819.995737457638,F,High School
18.0,43945.27305137005,757.1543152234885,M,Master
44.878047007542975,35673.16130975971,669.0635591265025,F,Master
35.87981560626085,56353.98598390192,744.1310580767483,F,Bachelor
19.520469203107353,80937.87378864718,546.747609647246,F,Bachelor
19.459054735236606,33987.006286185904,689.7927049946809,M,PhD
30.97058360851846,50363.29185009137,830.930634973311,F,High School
55.02825830347272,71183.30833123144,628.1954104607626,M,Bachelor
31.884903783636744,48805.37913131427,565.2366071380915,F,PhD
18.0,56785.57694374601,584.7911111406939,F,Bachelor
32.05108323096867,34064.0970777968,541.0366962657612,M,Master
31.72731716302796,56424.60645811473,571.5238091872296,F,Bachelor
18.0,47192.83602493177,612.9491901409971,M,High School
34.348461601786255,64785.94993519795,509.4432980821358,M,Bachelor
32.22878563749587,67810.79077347126,651.5618333949603,F,High School
43.35447637776102,88843.4546302792,740.2277173786647,F,Master
57.18747313934414,58694.497598203634,559.224381985308,F,High School
48.51878035457309,54886.944748732494,801.9283923641768,F,Bachelor
31.773335713342036,52915.764523660044,701.0792088527595,M,PhD
21.721689095099958,44702.505607839674,753.0580585624057,M,Master
65.88031763899832,55077.25765192536,584.2165446147862,F,Bachelor
35.71062120817386,45568.97884791456,735.4525227066616,M,Master
35.167151502955356,52526.91464404421,540.8066099604687,M,Master
34.71049895467996,69763.9630341194,739.0247500836508,F,Bachelor
37.377017129214266,34901.86152080538,667.1839339793531,M,Bachelor
33.26767505691269,67098.17841693568,705.3251219984784,M,PhD
28.116055917437166,69756.72601009798,532.4405394375149,F,Master
28.437692705115296,48228.97209513382,560.4930157723395,M,Master
34.60696075740802,20000.0,709.7228218253384,F,Bachelor
28.47890274639482,40882.670193583515,555.1651995775799,M,High School
26.44585060787403,69454.91819841664,696.3206292099123,F,Bachelor
36.27716273230276,49656.97906551677,513.2862193539754,M,Master
31.940273390949738,35010.466515576336,734.8174212666668,M,Bachelor
53.04791586299226,42428.376181576736,526.7476685231491,F,PhD
18.0,62609.300397568295,705.2299937679524,F,High School
48.09808222306954,58201.00352302069,712.5630933646001,F,Bachelor
49.95302230997155,46416.01851245458,580.3228181570425,F,PhD
18.0,44497.63382277968,708.2026567084727,M,Master
30.887748871035814,44123.62776434267,676.0442263333556,M,Bachelor
30.5427096080505,36163.847232522465,596.1158143807262,M,Master
18.109859663386146,74230.63534204163,549.1445315923792,F,PhD
25.666199748909495,45165.192961829904,453.7374308327421,M,Master
21.673089854410055,68257.37781238244,684.9650047299693,M,PhD
56.02724532108347,72819.74077883677,493.51972286379447,F,PhD
46.228140717769534,64974.66347221941,659.5344199441308,F,PhD
50.258661139929906,43525.695309229275,623.655178391775,M,Bachelor
43.66006476851882,56055.95135504914,717.9142775438196,F,Master
21.451378745393253,49637.06590413626,619.7954500510136,M,Master
28.705756804642718,36444.472089048075,617.0552213652909,M,High School
40.872494734735014,54865.389225824045,723.1870704288295,F,High School
20.334466293296657,32314.40313260296,683.5058029084117,M,High School
43.555981162068655,67815.19082692346,681.6155957182779,F,High School
32.11609522210238,43030.7405405241,696.9267589808526,F,Master
30.502150309404833,53017.39483809259,496.44278767928944,M,PhD
43.5315196184419,54249.31807319213,725.6788679986983,M,PhD
40.33115973783248,46116.42539443884,711.2468794013603,M,Bachelor
30.66840601017104,58800.40702212912,548.3316871423502,F,PhD
48.91195764037098,42876.44515066213,625.5919526325798,M,Master
22.027240068801234,63069.45946185866,646.0692712372369,F,Master
42.39122728333116,29810.304796298773,636.5503215598268,F,Master
42.11721509562061,51895.693693196175,683.3859966568534,M,Bachelor
31.285442728232116,79083.93498587426,793.1366781831183,F,High School
38.913596266905415,34995.03013091638,758.1766727672829,M,PhD
19.986637083376362,39833.82544212723,518.7780806568594,M,Master
46.08832423048281,57708.617744883726,712.2069990306048,M,Master
32.78117436268413,52693.72672909397,782.893331953541,M,High School
28.727323753771525,55259.45148910339,688.6808520689202,M,Master
47.58811071004267,57337.80695221495,759.0980425185967,M,PhD
26.54787571348689,59520.82202842655,850.0,M,Bachelor
18.098464443637283,66645.49762934334,752.3709546106982,F,Master
18.0,56147.279853927685,674.9308595641729,M,PhD
42.272119416147675,46381.13518072186,754.5088474084754,F,Master
19.6348477700446,60088.60551804097,664.4887833096891,F,High School
56.057530183812375,78498.22902342823,652.3903043284955,F,Master
18.0,48010.493804261394,614.8585764286267,M,Master
55.357476419480456,35382.06042994038,806.3413358832108,F,Bachelor
37.53220960643142,66606.2100393046,568.1571334057999,F,High School
33.83944265755529,48194.282540696026,803.2367724678116,M,High School
28.460970958292606,20000.0,699.9864123740372,M,Bachelor
39.78963337222485,62711.325157256324,510.06938251980586,F,Master
34.54838357090182,41970.07721069116,686.7649292991422,M,PhD
48.239622584198266,48642.00076543759,439.9973492348376,M,High School
36.37073178394448,54979.70495853522,712.5508016831036,M,High School
36.80362113754253,52857.495196685995,738.5231482988991,M,Master
30.63665345343373,60641.777257085596,590.7644044347946,F,Master
34.316652515347194,43467.70444145235,662.3547695955582,M,High School
38.69362122670471,57696.58697264124,845.4157433750287,M,Master
18.0,46106.79983624124,599.4253295738064,M,PhD
18.821774934731444,61082.157213312545,544.10924129434,F,High School
43.91916912827258,59230.5122601958,798.1663402462599,F,PhD
37.050385257535304,35968.41946933107,846.2587190530795,M,PhD
32.79219996376785,66289.73174262547,650.3695671847847,M,Master
35.22120719678472,41960.54832328928,751.1463035408357,F,PhD
39.170980464340055,62120.86697421718,784.1475915530881,M,Master
28.52288383628766,55509.30970102011,575.7515767461616,M,Bachelor
25.660343295172247,77572.75515192683,601.4694164632132,F,Master
37.350143061172176,46648.01026442222,773.0874513154735,M,PhD
23.259526668619614,44760.24805822704,818.501427870851,M,Bachelor
39.899033068573665,49708.70591168401,706.2880860174355,F,Master
18.0,45452.30325748587,562.0185646497946,F,PhD
47.34986764790772,61999.12852913075,848.7061111699442,M,High School
40.67116978895652,25755.34087345118,596.9029102188035,F,High School
38.07235681176651,34194.763712804684,616.4862218828548,M,Master
46.79229180734617,33982.9561763121,684.2337834489622,M,Master
54.98569333355092,64254.61387960364,805.4160420714774,M,High School
47.17244078021756,75659.20058872888,735.3975976552224,F,PhD
18.0,48433.261721937924,691.486550036191,F,PhD
19.645076399171582,47467.67415214984,696.3288530118107,M,PhD
27.502177067651854,51050.78244669772,654.3514668643467,M,Master
35.313092602530006,67428.17453912285,705.8139514518506,F,Bachelor
41.21190824562947,36089.70298714139,397.0439922305697,F,Bachelor
26.291074242158412,53575.53474102178,620.3392540930201,F,Bachelor
37.24120117372494,64627.96444673644,674.1321934916781,M,Bachelor
25.93540481176013,57516.41254909767,534.8985916380493,F,Bachelor
27.66178636409662,52843.724248981154,688.632331781156,F,Master
18.120066837821334,65015.69138850712,629.5528779013879,M,Master
23.921201046669147,20000.0,825.547569831549,M,Bachelor
18.779784732603996,60168.12979296361,807.3019725214857,M,Master
23.289520964272008,40188.864753088645,603.4194430881837,F,Master
47.64370155929407,22540.506547153145,634.9162288433305,M,Bachelor
23.607213334016684,57668.03899287471,642.6052434391607,M,PhD
66.58858477804868,70604.87817744436,604.8340523840377,M,Master
40.91981481057067,47938.27228058462,669.5024984028126,M,PhD
37.218033484338484,64293.11820804408,574.171793111241,F,Master
24.69970663782544,74184.17386982968,536.9384665062473,M,Master
43.4037185529079,69723.7168037607,712.2711223900269,F,Bachelor
28.092346085146712,74599.46794057089,712.952958422181,F,Master
36.464117775744334,61131.91236607838,569.5684240340007,F,High School
65.72101445922553,51131.50458352389,739.53554307626,M,High School
33.8472812033042,25970.512821542474,586.8422270834668,F,Bachelor
48.791279915428106,46309.062678050774,675.3165238037981,M,PhD
26.56188289848935,37351.30107025713,732.0344012612456,M,PhD
34.58013811403646,82564.1407624672,646.6387435296286,M,PhD
56.24960762762612,47361.712813514954,695.4740912141135,F,High School
27.47639530654679,51848.072101767284,598.3570356112428,M,PhD
56.74938269596314,58272.280640607016,630.3533416571903,M,PhD
43.493023225465706,50654.03669558681,629.414056911966,M,Bachelor
28.25039868926879,75425.7656064613,575.3421653459761,F,PhD
42.58889286866625,40660.25957398322,632.3225836884218,F,High School
46.67065339552076,52919.11182855864,495.13817011362534,F,High School
42.46171954660636,38862.94121452927,600.8846252857895,M,High School
18.0,30199.662331689415,621.512450663033,F,Bachelor
26.274353890101576,40823.46363642072,624.3820247504619,M,Bachelor
32.02977637338194,49444.44804427382,625.8502554129221,M,Master
34.10679885079944,43560.4666322411,643.8235800139871,F,PhD
42.44806517060814,39613.68530189216,697.9441518086064,M,Bachelor
37.132412011199044,28905.23804492249,737.4517074132523,F,High School
18.975867695478783,48753.41641056958,585.0234773151733,M,High School
39.56237421207156,27429.194389534965,529.6799144610856,F,Bachelor
42.32702894340588,61400.83945534404,545.7955587756898,M,Bachelor
41.71748537517248,51236.59629401755,601.2797078805073,M,Bachelor
47.96936870665546,28136.72750802604,614.8078682183491,M,Master
45.00706585458685,45361.863844252046,573.0003933802543,M,High School
40.51016095074124,38717.65391614125,520.3883335750105,M,Master
34.15801146249623,54787.61765628771,604.3879172525811,F,Master
18.0,70106.75669034717,668.1426620113972,M,PhD
40.15541862959103,21872.41295531383,709.5029465835564,F,High School
37.49225224595733,51725.39118721126,594.2576946891679,F,High School
38.258946046344484,47598.00806650039,608.7002177856566,F,Bachelor
19.679017090156286,60070.10114675698,557.330169115269,M,Bachelor
22.02732151510085,53197.94942356534,646.8560829625224,M,PhD
47.637834239994845,38720.460023917716,565.1571365809185,M,Master
34.52533815372014,45214.19096500073,707.31278132412,F,Bachelor
43.178008368471495,38059.612147947664,471.4133508065889,M,Bachelor
35.33982051356551,66140.10707897898,614.0370327547538,M,High School
35.35707367394892,50319.67473007913,680.1107339191742,F,High School
46.259405671711974,78517.86028629511,668.3834516322504,F,Bachelor
28.80746326139151,49090.08779278069,850.0,F,High School
36.1534493232918,39373.898496343056,684.9800024567908,F,PhD
29.452696535539488,27294.28411080759,549.594540315799,F,Bachelor
29.786045270812213,22952.904856160825,640.4535752910926,F,High School
31.289934518376327,26237.960854917652,472.3753666533548,M,PhD
37.665605259604554,54006.89976517225,641.9400250703239,F,High School
29.255016540038277,57630.87534844901,566.6943942999242,M,High School
50.06907350688225,26282.139469518,741.5390275560162,M,High School
24.264712373365953,63425.57471114173,595.0459725404465,M,Bachelor
32.75754027006369,42754.08422474841,638.3234084204753,F,Master
29.7232273007099,52201.89517978324,586.4442158595597,M,High School
52.3637346122448,74183.30942383136,823.8851351853332,F,PhD
37.358657318138896,63452.58973798298,617.8757233882088,F,Bachelor
47.382134473623616,45972.04028141251,833.2557043479202,M,Bachelor
18.0,36632.11661877069,731.4151762118266,F,PhD
38.20460319043111,20000.0,698.2066727335387,M,High School
45.675569547481246,39212.7002113637,686.873314731752,M,Master
35.98740787130509,46833.046417584585,689.3797298216251,F,High School
47.78576450078421,35192.30709273224,457.232742065439,M,PhD
28.792538598795534,48031.145493615426,622.1116605849244,M,Bachelor
51.912169282226955,51152.77824438152,734.5157971184321,M,Master
62.58677748343101,46627.16027287882,645.1102816525895,F,Bachelor
30.64593727472409,40249.961287648104,509.4810153196425,M,PhD
29.65396974319074,52529.82007950092,644.7595549422531,F,High School
52.44061372541241,56629.109743541136,820.4105516255491,F,Master
53.95486574876855,33644.01383835731,774.689171553472,M,Bachelor
28.72567967416078,71163.98569619405,643.7995990633968,M,Bachelor
29.95775819484971,48521.17801573608,745.1449277058086,F,Bachelor
31.61858469367391,50282.744344172716,613.3492979631948,F,High School
18.866593867588676,60623.216348848364,479.6128413173281,M,Master
23.97617664218962,53498.24196895253,557.5534011870445,M,High School
22.950310798975185,64297.04950869868,806.2888768508197,F,High School
25.78642921875046,54306.86247802736,622.6006918170696,F,High School
34.583781351358624,40813.43938039343,625.6616020624982,F,PhD
37.81057679043824,55422.55287809153,620.0161803725119,F,PhD
53.606005913768925,32844.10689019007,840.4136589573006,F,PhD
23.01975151113451,51628.39558664785,812.5958915362063,M,Master
46.81186878171901,49501.550140333085,850.0,F,High School
32.43213386929389,46878.2471409119,634.0954789599949,F,High School
34.40643548417081,48071.93732841604,679.5624488747095,M,PhD
43.097833905999245,21772.264317535413,498.33574505792086,M,High School
21.527335741252415,41769.12638388558,797.6934426118274,F,High School
39.58891695420861,51392.673517116724,533.2220448732065,F,Bachelor
36.99742649855667,52397.84587996101,671.6775563762629,M,High School
40.90941516809779,34584.87288611063,540.2697472367156,F,Bachelor
38.470023726893814,68985.61761297051,591.1133173261304,F,High School
64.46360167893073,37007.37727678249,566.2737568950299,M,Master
27.34712018898421,64541.85800790105,589.2124739324182,F,PhD
28.62803653997819,56407.91542807527,596.0877296851021,M,Bachelor
27.522313682902826,40306.59035234296,595.1731205074923,M,PhD
28.334274570076943,76629.66338914268,733.3333911780308,M,Bachelor
27.351354472321788,32095.447523652798,539.513720693748,M,Bachelor
49.26819837329062,63787.31260415002,672.0541427013867,F,Bachelor
52.04605097587826,65008.734770644674,771.7959152305558,M,Master
28.151044475006284,39940.696863850324,598.6803635486604,F,High School
25.011733122749256,70886.97950096494,578.2081109252398,F,Bachelor
40.65698667663685,46249.302281015705,626.9475374819749,F,Master
28.373323468628342,54330.40443919785,767.972520836071,F,Bachelor
42.595181813066134,53904.82758156831,669.4107630953358,F,High School
37.435076250215594,47985.368877941786,596.8785705392402,M,Bachelor
18.0,62162.12409739673,698.387665118804,M,Master
53.57006241596074,61902.33080828319,539.7707850163576,M,High School
56.55053207714626,23772.02040142729,718.1359510442948,M,Master
27.64653571418737,69565.10364317229,690.8607307701767,F,High School
30.347581280768193,25062.620179464884,619.2191528861116,M,High School
38.430384688698865,65488.19306512486,566.1414201552769,F,PhD
39.0134814798443,66900.57705241375,561.3319077716543,F,PhD
42.902531272073965,33635.50354677203,703.481733634591,M,PhD
59.1224544651962,43837.78568068123,772.8980502489062,M,High School
32.87663327007141,33414.42997271096,586.2692252971206,M,Bachelor
25.420433065538553,46776.18454566897,695.8386703551485,M,Master
18.448169263825672,45379.48573721388,441.2972981397931,F,Master
26.228839520696972,61694.907984040095,591.53822693428,F,Master
34.60247632551444,69654.63119179413,646.8941067129098,M,PhD
56.53469436221345,70935.25716184934,559.0316583018166,F,High School
28.788664411565943,41567.47960132547,556.3493625210405,F,PhD
37.68545541966678,46861.671893832085,583.2220443531114,F,Bachelor
34.80292524712698,24748.42711668575,679.2192728326373,M,High School
49.26071928137701,37911.94900255717,631.2670981593625,F,Master
65.32318911048345,64472.77449646186,426.17687666750277,M,PhD
28.629574724956154,74233.74235322348,437.9299847364934,M,PhD
29.126726689781336,31484.76692180117,589.3134822142824,F,Bachelor
47.52993052482886,41113.036112706584,695.7686586053552,F,Bachelor
43.182697875515736,49603.91364561609,375.24951572747653,M,PhD
57.1604879088324,54202.417382294094,600.026982384837,F,Bachelor
42.00713822391157,37855.94720117531,597.3752143482579,F,Master
30.688494910555285,56360.915666961344,788.8337778208448,M,Bachelor
42.08785796830771,42892.409793936255,611.4978188287137,M,Bachelor
48.30444296699489,49783.215936825814,688.2988984740929,M,PhD
44.84578617436837,58194.2637200555,664.1257140087463,M,PhD
41.08728837328758,50096.33404716407,436.9433520192799,F,High School
47.80009627506985,43454.21164210147,726.8207216631737,F,High School
49.03154708534807,48355.852941112535,671.5396505456288,M,PhD
51.58590789245032,48674.55561191997,700.826863967459,M,Bachelor
42.784518651075715,44449.83455176808,850.0,M,Bachelor
32.994583036197746,46118.059059993466,441.5887060501411,F,High School
36.76056423719987,73979.70755757076,822.4696649761108,M,High School
49.47810759810028,58413.791719118584,621.2552480599644,F,High School
25.196771948153167,45567.795229562595,678.7328904403009,M,Master
39.424079706474814,60454.316067661035,645.4487754698757,M,Master
30.279934252071673,44992.707653659854,607.5763666601956,M,High School
35.34493787521781,67596.86956379961,593.0167071761241,F,Bachelor
50.341422351287584,55544.63288297141,682.950873557301,F,High School
37.29318881623884,48390.467839936566,498.28263033283207,F,Master
35.55723857787378,56715.75388715416,725.0579167521765,M,Bachelor
18.681726308240968,26436.85771897251,608.3805595114746,F,Master
43.95504279232665,33098.48796635292,536.9930660959642,F,Bachelor
42.7458101736929,32091.12490401417,604.9987142004186,M,Master
60.95905667966552,52144.1464214556,775.7149216862573,M,Bachelor
31.306661180563992,75987.72499227637,596.4664912983777,F,Bachelor
37.62980393196727,83469.50219288949,685.845361820962,F,Bachelor
37.992604204529066,59570.76652161136,576.9043724284527,F,Bachelor
53.92943935716169,57512.66712416685,725.792184992362,F,PhD
33.85645361135658,22984.133987708916,718.5507738790204,M,Master
38.34825830924407,41859.89300398967,834.8608833296412,M,Master
42.29475811659847,38183.24372137641,632.4436054500784,M,PhD
37.2393094778763,40687.28602623326,716.8654804757907,F,Bachelor
29.64279662539366,47477.84272122816,659.8067539538945,F,Bachelor
37.32907991477969,42918.64133454309,779.5871781863015,M,Master
47.883580998317264,20310.502844363185,578.116761239127,M,PhD
22.681816407067277,61218.65384176301,724.5005312877281,F,Bachelor
36.595636089762515,33908.854613902906,630.5302703883318,F,Bachelor
26.598550220729923,53588.702961667244,643.5811822891502,M,Bachelor
49.34055954709811,81111.2400462496,659.1752484448373,M,High School
18.0,36209.23112620365,675.2240396426678,M,PhD
28.29293783274094,20000.0,638.3770956878042,F,Bachelor
39.52654250077425,45709.936671798336,671.4713183170526,F,High School
53.786288350812086,66514.39452497856,807.8118057562184,F,PhD
34.210996867124145,79375.21181330891,748.5449685615218,F,Bachelor
28.33760567968162,31556.756083213746,736.9154592496897,F,Master
57.57388483328708,57450.48834854783,604.4460473976129,F,High School
18.0,43020.3431482992,561.0759171771675,M,High School
18.0,48410.774685437966,745.5300558237753,M,Bachelor
40.28017340063999,89665.15020525552,737.6046792529794,F,Bachelor
28.975349307768667,27455.4450740727,797.2670675750982,M,High School
22.74520619443144,53806.094922418604,589.601937403077,F,Master
43.50027736759224,57015.3975764815,627.0451344639653,M,Master
37.925608565254386,66286.7948740902,486.05158374745656,F,PhD
28.23105643115926,51469.74730206343,610.7528893939127,M,Bachelor
19.636347215949268,54620.75809256153,749.6570510579447,M,Master
45.469487939361734,44125.27148867314,603.3504620771802,F,PhD
42.80241413550393,54036.90411867661,714.0479795200823,F,Master
33.809889634647405,44852.11586753884,630.9496894002189,M,Bachelor
57.15964395257199,59323.57834784076,682.4057028221561,M,PhD
22.15898280408617,44455.84495934549,535.2308610184333,F,PhD
18.0,55656.505908532796,658.5209449633901,M,PhD
26.697103161425066,49561.057794725326,350.88640290992765,F,Master
34.452967803734026,66890.75376158253,631.3103841838015,F,Bachelor
37.9200733918723,49229.094146172705,486.95267562848596,M,PhD
32.105167305724045,23404.512976896778,770.5994516546816,F,High School
39.22466475817156,68928.82251070987,727.7407352764511,M,Bachelor
19.981526909714667,36414.015487060715,696.6670981966081,M,High School
52.32517524887912,40193.504920267704,802.100622715938,F,High School
34.01418585928917,41065.08058934762,555.1083479175163,M,PhD
48.407549979057535,70616.57139756226,824.7363197915558,F,PhD
39.11270415653245,20000.0,743.2191564260385,F,Master
40.48103862984541,97066.22800489992,626.3444712781054,F,Master
41.837207362786444,65840.85213599078,763.5620147182944,M,Master
40.37250272020778,53348.5837119374,539.3706487588365,F,Bachelor
42.71267311841053,49176.5899907557,567.5485838472326,M,Master
50.94983036158918,54283.311122864856,589.1410276760299,F,High School
37.35825403641764,57816.836425690075,597.1022291935985,F,Master
43.50804509106215,59678.23378925086,544.3442357239747,F,PhD
33.92317166855328,58334.066990051724,772.3083067095325,M,Master
52.281406585393675,51343.71021882873,624.1145599630169,M,Bachelor
26.883292375288764,47039.923695390105,685.250496835688,F,Bachelor
56.611285194929785,47730.90074519732,592.964863358632,F,High School
34.51810459226788,47076.375794709784,467.9396699451483,M,Bachelor
18.0,67006.55145300597,677.0057358391422,M,Master
36.53725297892947,58903.35083421293,458.7745024580223,M,PhD
26.82738011030143,20000.0,643.1365953914532,F,Bachelor
45.08772258786469,59838.51164794641,513.168496116719,M,High School
27.168512248371307,52921.04292078162,848.7275999230808,F,Master
29.645798801422643,49719.36865331154,741.1362722174722,M,High School
18.0,44172.22320366671,660.575379127148,F,Bachelor
29.57232416901108,66861.6907997902,776.3706677654668,F,Bachelor
18.0,64212.896931842864,565.3684022534264,F,High School
18.0,38406.834982645865,704.3479378670093,M,Master
44.12497587373157,56105.78430686802,669.9810433718714,M,Bachelor
44.42960190380999,35425.14898188071,676.402008133367,M,PhD
40.10549074141958,29305.727528166044,777.2353500106768,F,Bachelor
23.396286282449445,40599.24163115052,723.2492102779802,F,Master
34.42746372629624,62935.90208574138,678.8723662825023,M,Bachelor
34.95676953091318,64296.8756806413,484.5112563771704,F,High School
21.09962372968949,57696.28130145939,553.9953704720537,F,Bachelor
53.04077962120581,60876.43680271996,637.7291066404276,F,Bachelor
45.528347486908054,57742.67430672437,659.3372374276652,M,Master
32.34842991404403,40377.77607165572,536.9796275326077,F,High School
35.32263006793437,56478.83817010911,850.0,M,Master
37.50059369537063,62006.14287841524,801.6394055253573,M,Bachelor
18.0,61314.36994720362,710.2118320392484,M,PhD
32.033871409752834,67833.70057211965,657.2036861283744,M,Bachelor
26.816189024026418,60624.55770801596,628.7791030098848,M,Master
22.980559881261016,55271.72311312374,554.8081539977765,F,PhD
31.62679648536854,66052.25357474641,657.7480518518862,M,Master
56.57223832219427,49602.1811112641,675.7752540142751,M,Master
42.690114335204115,36771.880231584226,525.8239424518375,M,High School
28.14585212260644,47553.99554084354,683.4176417244897,F,PhD
41.8709933762739,38826.46032790327,634.4740951175252,F,Bachelor
